,STR,TF number,Distance_tss,Units of repeats,set
CDC19,TTGAG,9,351,3.8,top
PRE7,TTTCTTC,11,482,2.4285714285714284,top
TPS1,CCCTG,16,169,4.0,top
AMN1,AT,18,60,7.0,top
YDL124W,AT,24,45,14.5,top
CDC34,AGAA,9,301,4.75,top
IPT1,TTTTTA,23,681,2.3333333333333335,top
VHS1,ATTT,15,131,4.75,top
ANP1,AGAAA,9,474,10.6,top
MIG3,ATTAAA,13,21,2.5,top
VHR2,AT,21,586,17.5,top
HSP12,GGAAAA,17,281,5.5,top
GAT1,GATAA,17,171,4.8,top
GSY1,TTGCTG,42,382,3.3333333333333335,top
HXK2,ACG,27,223,7.0,top
IXR1,AAAAGA,17,336,3.5,top
MCR1,CATCA,11,409,5.0,top
TPO1,GGAA,15,313,4.75,top
TMA10,CCATAT,18,536,4.333333333333333,top
HXT2,CTTTTT,30,671,4.666666666666667,top
LEE1,TTTGTA,19,198,3.5,top
SUR1,GACGC,33,318,5.2,top
YPR015C,AT,15,71,11.0,top
MEP3,AT,12,279,8.5,top
ALD3,AGAAAA,8,144,3.1666666666666665,top
YCS4,AT,0,347,11.0,bottom
PSY3,AT,0,0,3.0,bottom
BRN1,AT,2,152,18.5,rand1
TOS1,GAAAA,1,156,2.8,rand1
IPT1,TTTTTA,23,681,2.3333333333333335,rand1
CTH1,GAAAAA,1,249,3.0,rand1
SDT1,AT,4,50,38.0,rand1
AMA1,AAAAT,2,59,2.8,rand1
RAD26,AT,0,6,12.5,rand1
SRL3,TTAG,4,251,3.5,rand1
FRA1,GTTTT,1,190,4.8,rand1
HHF2,AAAAGA,2,541,2.8333333333333335,rand1
RPL2A,AAAAG,2,155,3.6,rand1
AMN1,AT,18,60,7.0,rand2
RPL2B,TTATACA,2,414,2.5714285714285716,rand2
YJL068C,TG,0,638,7.5,rand2
UBA1,AAG,0,460,9.333333333333334,rand2
NAN1,GATGA,0,63,3.4,rand2
TAF14,GAA,1,489,6.333333333333333,rand2
PSK1,ATCTAT,0,179,5.0,rand3
BRN1,AT,2,152,18.5,rand3
MBA1,AT,0,249,10.5,rand3
MAL31,CTTTT,1,460,2.8,rand3
TUP1,TTATT,1,112,4.0,rand3
ALT2,AAAAT,3,372,2.8,rand3
MAL11,CTTTT,3,487,3.4,rand3
REC104,AGAATC,0,57,3.0,rand3
RPL2B,TTATACA,2,414,2.5714285714285716,rand3
HCA4,CTCAT,2,42,5.0,rand3
TPO1,GGAA,15,313,4.75,rand3
BUD21,AAAGAA,0,142,2.8333333333333335,rand3
YPL088W,TA,0,50,13.0,rand3
YPR015C,AT,15,71,11.0,rand3
RPL36B,CAA,1,15,8.0,rand3
TOS1,GAAAA,1,156,2.8,rand4
YBR220C,GAAAA,0,41,4.4,rand4
CDC50,AAT,1,57,4.666666666666667,rand4
CDC34,AGAA,9,301,4.75,rand4
VPS55,GT,0,123,13.5,rand4
DHR2,GATGA,1,27,3.0,rand4
YMR295C,ATAA,0,95,5.75,rand4
IFM1,AT,0,147,9.5,rand4
UTP23,ATGCG,0,79,3.4,rand4
YHR007C-A,AG,4,57,15.0,rand4
